chroms,position,ref,alt,germline_ref,germline_alt,sample1_ref,sample1_alt,sample2_ref,sample2_alt,sample3_ref,sample3_alt
chr1,178,A,C,50,50,72,28,71,29,71,29
chr1,107,A,C,50,50,72,28,71,29,71,29
chr1,84,A,C,50,50,28,72,29,71,29,71
chr1,31,A,C,50,50,28,72,29,71,29,71
chr1,18,A,C,50,50,72,28,71,29,71,29
chr1,165,A,C,50,50,28,72,29,71,29,71
chr1,118,A,C,50,50,72,28,71,29,71,29
chr1,191,A,C,50,50,72,28,71,29,71,29
chr1,50,A,C,50,50,72,28,71,29,71,29
chr1,161,A,C,50,50,28,72,29,71,29,71
chr1,160,A,C,50,50,72,28,71,29,71,29
chr1,147,A,C,50,50,28,72,29,71,29,71
chr1,52,A,C,50,50,28,72,29,71,29,71
chr1,192,A,C,50,50,28,72,29,71,29,71
chr1,35,A,C,50,50,28,72,29,71,29,71
chr1,136,A,C,50,50,28,72,29,71,29,71
chr1,60,A,C,50,50,28,72,29,71,29,71
chr1,85,A,C,50,50,28,72,29,71,29,71
chr1,146,A,C,50,50,28,72,29,71,29,71
chr1,75,A,C,50,50,28,72,29,71,29,71
chr1,1384,A,C,50,50,50,50,50,50,29,71
chr1,504,A,C,50,50,50,50,50,50,29,71
chr1,943,A,C,50,50,50,50,50,50,71,29
chr1,1313,A,C,50,50,50,50,50,50,29,71
chr1,461,A,C,50,50,50,50,50,50,29,71
chr1,850,A,C,50,50,50,50,50,50,71,29
chr1,1107,A,C,50,50,50,50,50,50,29,71
chr1,679,A,C,50,50,50,50,50,50,71,29
chr1,405,A,C,50,50,50,50,50,50,71,29
chr1,571,A,C,50,50,50,50,50,50,71,29
chr1,463,A,C,50,50,50,50,50,50,71,29
chr1,628,A,C,50,50,50,50,50,50,29,71
chr1,785,A,C,50,50,50,50,50,50,71,29
chr1,1213,A,C,50,50,50,50,50,50,29,71
chr1,1405,A,C,50,50,50,50,50,50,29,71
chr1,773,A,C,50,50,50,50,50,50,71,29
chr1,959,A,C,50,50,50,50,50,50,71,29
chr1,1116,A,C,50,50,50,50,50,50,71,29
chr1,828,A,C,50,50,50,50,50,50,71,29
chr1,1015,A,C,50,50,50,50,50,50,71,29
chr1,7088,A,C,50,50,50,50,50,50,62,38
chr1,7101,A,C,50,50,50,50,50,50,38,62
chr1,7082,A,C,50,50,50,50,50,50,62,38
chr1,7011,A,C,50,50,50,50,50,50,62,38
chr1,7062,A,C,50,50,50,50,50,50,38,62
chr1,7026,A,C,50,50,50,50,50,50,62,38
chr1,7125,A,C,50,50,50,50,50,50,38,62
chr1,7039,A,C,50,50,50,50,50,50,38,62
chr1,7149,A,C,50,50,50,50,50,50,38,62
chr1,7053,A,C,50,50,50,50,50,50,62,38
chr1,7067,A,C,50,50,50,50,50,50,38,62
chr1,7146,A,C,50,50,50,50,50,50,62,38
chr1,7137,A,C,50,50,50,50,50,50,38,62
chr1,7092,A,C,50,50,50,50,50,50,38,62
chr1,7041,A,C,50,50,50,50,50,50,62,38
chr1,7190,A,C,50,50,50,50,50,50,38,62
chr1,7073,A,C,50,50,50,50,50,50,38,62
chr1,7010,A,C,50,50,50,50,50,50,38,62
chr1,7024,A,C,50,50,50,50,50,50,62,38
chr1,7025,A,C,50,50,50,50,50,50,38,62
